,Date,21201.0,21202.0,21205.0,21206.0,21207.0,21208.0,21209.0,21210.0,21211.0,21212.0,21213.0,21214.0,21215.0,21216.0,21217.0,21218.0,21222.0,21223.0,21224.0,21225.0,21226.0,21227.0,21228.0,21229.0,21230.0,21231.0,21234.0,21236.0,21237.0,21239.0,21251.0,21287.0
0,2020-04-11,17.0,32.0,18.0,89.0,71.0,89.0,60.0,0.0,14.0,25.0,44.0,42.0,137.0,37.0,37.0,68.0,55.0,21.0,84.0,41.0,0.0,38.0,51.0,62.0,39.0,29.0,109.0,40.0,37.0,61.0,0.0,0.0
1,2020-04-12,18.0,35.0,19.0,96.0,76.0,106.0,64.0,8.0,14.0,26.0,48.0,43.0,153.0,40.0,39.0,71.0,61.0,24.0,90.0,45.0,0.0,40.0,52.0,65.0,41.0,30.0,118.0,46.0,45.0,66.0,0.0,0.0
2,2020-04-13,19.0,37.0,20.0,98.0,79.0,108.0,64.0,8.0,14.0,28.0,52.0,45.0,155.0,44.0,42.0,77.0,63.0,25.0,91.0,49.0,0.0,45.0,53.0,71.0,43.0,30.0,121.0,47.0,48.0,71.0,0.0,0.0
3,2020-04-14,21.0,37.0,21.0,101.0,87.0,114.0,66.0,8.0,16.0,30.0,53.0,48.0,223.0,47.0,47.0,85.0,66.0,26.0,99.0,53.0,0.0,48.0,55.0,76.0,43.0,30.0,127.0,49.0,54.0,72.0,0.0,0.0
4,2020-04-15,21.0,37.0,25.0,110.0,92.0,119.0,69.0,8.0,16.0,33.0,53.0,48.0,231.0,49.0,47.0,89.0,71.0,27.0,107.0,56.0,0.0,51.0,63.0,88.0,45.0,31.0,134.0,49.0,58.0,73.0,0.0,0.0
5,2020-04-16,22.0,38.0,27.0,114.0,96.0,123.0,70.0,8.0,16.0,37.0,56.0,49.0,238.0,49.0,51.0,106.0,78.0,29.0,117.0,61.0,0.0,52.0,68.0,94.0,47.0,34.0,149.0,53.0,63.0,77.0,0.0,0.0
6,2020-04-17,25.0,40.0,28.0,121.0,107.0,125.0,73.0,8.0,16.0,41.0,61.0,56.0,253.0,53.0,56.0,123.0,80.0,31.0,127.0,64.0,8.0,56.0,79.0,106.0,52.0,35.0,162.0,56.0,68.0,78.0,0.0,0.0
7,2020-04-18,26.0,40.0,29.0,124.0,110.0,134.0,73.0,8.0,16.0,42.0,62.0,58.0,265.0,54.0,58.0,131.0,83.0,31.0,134.0,66.0,9.0,58.0,81.0,106.0,53.0,36.0,169.0,57.0,71.0,78.0,0.0,0.0
8,2020-04-19,27.0,49.0,34.0,134.0,116.0,139.0,73.0,8.0,18.0,43.0,65.0,61.0,269.0,55.0,61.0,140.0,89.0,33.0,147.0,68.0,9.0,68.0,101.0,111.0,78.0,38.0,174.0,58.0,76.0,80.0,0.0,0.0
9,2020-04-20,31.0,51.0,34.0,138.0,120.0,144.0,73.0,8.0,18.0,44.0,68.0,61.0,273.0,56.0,62.0,146.0,91.0,37.0,148.0,75.0,9.0,72.0,142.0,118.0,80.0,40.0,176.0,60.0,78.0,80.0,0.0,0.0
10,2020-04-21,31.0,51.0,35.0,141.0,125.0,151.0,75.0,8.0,18.0,44.0,73.0,62.0,282.0,58.0,63.0,150.0,96.0,40.0,152.0,79.0,9.0,79.0,156.0,124.0,82.0,43.0,183.0,60.0,79.0,91.0,0.0,0.0
11,2020-04-22,32.0,54.0,35.0,146.0,130.0,157.0,77.0,8.0,18.0,45.0,80.0,65.0,293.0,61.0,64.0,155.0,104.0,42.0,166.0,83.0,14.0,87.0,184.0,130.0,88.0,46.0,191.0,62.0,85.0,96.0,0.0,0.0
12,2020-04-23,32.0,56.0,36.0,152.0,147.0,162.0,79.0,9.0,19.0,49.0,84.0,67.0,308.0,63.0,69.0,161.0,112.0,45.0,176.0,87.0,15.0,88.0,193.0,143.0,90.0,48.0,195.0,66.0,89.0,102.0,0.0,0.0
13,2020-04-24,32.0,58.0,39.0,156.0,166.0,172.0,80.0,9.0,19.0,50.0,87.0,71.0,320.0,70.0,72.0,164.0,125.0,50.0,197.0,93.0,15.0,99.0,218.0,156.0,98.0,49.0,205.0,68.0,95.0,109.0,0.0,0.0
14,2020-04-25,33.0,62.0,44.0,169.0,179.0,189.0,84.0,11.0,19.0,54.0,89.0,73.0,329.0,70.0,72.0,166.0,130.0,54.0,208.0,97.0,16.0,110.0,225.0,172.0,102.0,49.0,211.0,68.0,100.0,114.0,0.0,0.0
15,2020-04-26,34.0,65.0,44.0,179.0,186.0,190.0,85.0,11.0,20.0,55.0,92.0,73.0,337.0,72.0,73.0,169.0,135.0,56.0,217.0,101.0,16.0,113.0,228.0,184.0,106.0,50.0,217.0,69.0,101.0,119.0,0.0,0.0
16,2020-04-27,35.0,66.0,47.0,183.0,190.0,192.0,86.0,11.0,20.0,57.0,94.0,73.0,343.0,73.0,74.0,172.0,137.0,59.0,224.0,105.0,17.0,120.0,239.0,189.0,107.0,52.0,225.0,69.0,108.0,122.0,0.0,0.0
17,2020-04-28,35.0,67.0,49.0,191.0,195.0,193.0,86.0,12.0,20.0,59.0,97.0,73.0,346.0,75.0,76.0,179.0,143.0,59.0,237.0,107.0,17.0,126.0,255.0,199.0,108.0,53.0,228.0,71.0,112.0,128.0,0.0,0.0
18,2020-04-29,36.0,68.0,51.0,195.0,209.0,197.0,89.0,12.0,20.0,60.0,102.0,73.0,359.0,78.0,78.0,180.0,145.0,60.0,252.0,111.0,20.0,129.0,263.0,210.0,112.0,54.0,235.0,71.0,120.0,134.0,0.0,0.0
19,2020-04-30,37.0,72.0,58.0,206.0,221.0,202.0,90.0,15.0,20.0,67.0,106.0,78.0,368.0,83.0,78.0,185.0,159.0,67.0,264.0,120.0,20.0,134.0,295.0,219.0,122.0,59.0,243.0,73.0,130.0,136.0,0.0,0.0
20,2020-05-01,41.0,73.0,62.0,208.0,230.0,209.0,92.0,16.0,20.0,67.0,107.0,78.0,383.0,88.0,82.0,190.0,165.0,67.0,289.0,124.0,20.0,148.0,308.0,234.0,124.0,59.0,251.0,75.0,134.0,142.0,0.0,0.0
21,2020-05-02,43.0,74.0,64.0,219.0,250.0,212.0,94.0,16.0,20.0,69.0,112.0,78.0,398.0,90.0,86.0,192.0,176.0,69.0,308.0,128.0,19.0,157.0,324.0,248.0,130.0,61.0,257.0,138.0,145.0,191.0,0.0,0.0
22,2020-05-03,46.0,96.0,67.0,223.0,264.0,214.0,97.0,16.0,21.0,69.0,123.0,78.0,404.0,93.0,89.0,195.0,189.0,72.0,325.0,133.0,19.0,161.0,331.0,254.0,131.0,63.0,264.0,144.0,148.0,196.0,0.0,0.0
23,2020-05-04,45.0,98.0,68.0,226.0,273.0,223.0,98.0,16.0,21.0,71.0,128.0,79.0,415.0,95.0,93.0,202.0,198.0,76.0,354.0,142.0,19.0,163.0,345.0,268.0,133.0,67.0,268.0,147.0,150.0,201.0,0.0,0.0
24,2020-05-05,45.0,98.0,68.0,226.0,273.0,223.0,98.0,16.0,21.0,71.0,128.0,79.0,415.0,95.0,93.0,202.0,198.0,76.0,354.0,142.0,19.0,163.0,345.0,268.0,133.0,67.0,268.0,82.0,147.0,150.0,0.0,0.0
25,2020-05-06,48.0,99.0,70.0,230.0,283.0,226.0,99.0,17.0,21.0,73.0,131.0,81.0,427.0,98.0,96.0,205.0,206.0,79.0,386.0,148.0,20.0,172.0,357.0,276.0,137.0,71.0,273.0,86.0,155.0,153.0,0.0,0.0
26,2020-05-07,48.0,102.0,73.0,238.0,288.0,225.0,99.0,18.0,22.0,74.0,135.0,81.0,430.0,104.0,100.0,208.0,221.0,88.0,404.0,158.0,20.0,177.0,363.0,284.0,141.0,74.0,281.0,88.0,158.0,154.0,0.0,0.0
27,2020-05-08,49.0,103.0,83.0,249.0,299.0,233.0,102.0,18.0,25.0,76.0,136.0,82.0,444.0,107.0,109.0,215.0,235.0,96.0,428.0,168.0,20.0,185.0,371.0,292.0,147.0,77.0,282.0,93.0,164.0,158.0,0.0,0.0
28,2020-05-09,50.0,107.0,87.0,260.0,302.0,241.0,104.0,18.0,26.0,78.0,140.0,82.0,457.0,109.0,117.0,219.0,245.0,98.0,458.0,174.0,21.0,197.0,376.0,302.0,150.0,78.0,292.0,94.0,169.0,162.0,0.0,0.0
29,2020-05-10,51.0,113.0,92.0,268.0,312.0,245.0,104.0,18.0,28.0,82.0,144.0,84.0,470.0,110.0,121.0,224.0,257.0,106.0,483.0,178.0,21.0,202.0,383.0,309.0,151.0,80.0,304.0,97.0,193.0,168.0,0.0,0.0
30,2020-05-11,51.0,115.0,94.0,270.0,320.0,246.0,107.0,18.0,28.0,82.0,148.0,85.0,478.0,113.0,122.0,227.0,263.0,106.0,507.0,180.0,21.0,206.0,392.0,311.0,154.0,81.0,305.0,98.0,198.0,168.0,0.0,0.0
31,2020-05-12,52.0,115.0,95.0,273.0,359.0,247.0,108.0,18.0,28.0,82.0,150.0,85.0,480.0,115.0,125.0,232.0,265.0,105.0,520.0,180.0,21.0,207.0,398.0,315.0,155.0,81.0,307.0,98.0,200.0,171.0,0.0,0.0
32,2020-05-13,53.0,115.0,99.0,284.0,369.0,249.0,108.0,17.0,29.0,83.0,153.0,85.0,482.0,119.0,130.0,235.0,272.0,106.0,540.0,184.0,21.0,213.0,403.0,326.0,156.0,84.0,321.0,100.0,206.0,174.0,0.0,0.0
33,2020-05-14,55.0,119.0,102.0,289.0,379.0,249.0,108.0,17.0,31.0,84.0,154.0,86.0,488.0,125.0,137.0,239.0,282.0,108.0,566.0,189.0,22.0,225.0,406.0,330.0,159.0,87.0,327.0,105.0,214.0,176.0,0.0,0.0
34,2020-05-15,56.0,127.0,109.0,295.0,384.0,253.0,109.0,17.0,31.0,86.0,159.0,87.0,497.0,132.0,139.0,242.0,294.0,109.0,595.0,194.0,22.0,228.0,418.0,334.0,164.0,88.0,332.0,107.0,223.0,179.0,0.0,0.0
35,2020-05-16,57.0,134.0,114.0,314.0,400.0,257.0,112.0,17.0,34.0,89.0,165.0,88.0,513.0,138.0,146.0,250.0,300.0,110.0,616.0,198.0,22.0,234.0,430.0,341.0,168.0,94.0,343.0,114.0,229.0,182.0,0.0,0.0
36,2020-05-17,59.0,0.0,115.0,319.0,409.0,259.0,114.0,17.0,35.0,90.0,167.0,90.0,525.0,139.0,151.0,251.0,308.0,113.0,628.0,199.0,24.0,241.0,442.0,344.0,169.0,95.0,351.0,118.0,239.0,185.0,0.0,0.0
37,2020-05-18,60.0,140.0,117.0,322.0,410.0,259.0,114.0,18.0,36.0,91.0,170.0,91.0,532.0,142.0,161.0,252.0,319.0,119.0,634.0,201.0,24.0,246.0,455.0,350.0,172.0,96.0,354.0,119.0,241.0,187.0,0.0,0.0
38,2020-05-19,60.0,153.0,120.0,328.0,439.0,266.0,116.0,19.0,38.0,97.0,176.0,92.0,541.0,152.0,170.0,261.0,339.0,142.0,663.0,214.0,25.0,257.0,475.0,369.0,177.0,101.0,364.0,127.0,247.0,191.0,0.0,0.0
39,2020-05-20,60.0,159.0,127.0,334.0,465.0,271.0,117.0,19.0,39.0,99.0,182.0,94.0,544.0,158.0,172.0,265.0,348.0,142.0,699.0,219.0,26.0,259.0,487.0,370.0,179.0,103.0,377.0,129.0,253.0,193.0,0.0,0.0
40,2020-05-21,64.0,174.0,130.0,343.0,481.0,279.0,122.0,19.0,46.0,106.0,196.0,97.0,560.0,164.0,183.0,275.0,357.0,150.0,725.0,224.0,28.0,274.0,502.0,381.0,189.0,110.0,380.0,135.0,261.0,197.0,0.0,0.0
41,2020-05-22,67.0,178.0,136.0,354.0,487.0,293.0,123.0,20.0,49.0,110.0,198.0,100.0,571.0,170.0,186.0,282.0,362.0,155.0,739.0,231.0,29.0,279.0,508.0,395.0,193.0,112.0,384.0,136.0,265.0,203.0,0.0,0.0
42,2020-05-23,71.0,184.0,142.0,364.0,497.0,301.0,125.0,20.0,50.0,112.0,207.0,101.0,584.0,175.0,192.0,286.0,377.0,160.0,784.0,244.0,29.0,283.0,522.0,409.0,198.0,114.0,392.0,139.0,274.0,204.0,0.0,0.0
43,2020-05-24,75.0,185.0,145.0,366.0,507.0,307.0,126.0,20.0,51.0,114.0,210.0,103.0,587.0,177.0,201.0,292.0,384.0,164.0,810.0,247.0,29.0,284.0,534.0,412.0,201.0,116.0,400.0,141.0,279.0,208.0,0.0,0.0
44,2020-05-25,75.0,187.0,148.0,370.0,517.0,323.0,126.0,20.0,53.0,116.0,214.0,105.0,601.0,181.0,208.0,299.0,388.0,164.0,825.0,256.0,29.0,289.0,537.0,426.0,202.0,117.0,404.0,145.0,280.0,209.0,0.0,0.0
45,2020-05-26,76.0,189.0,149.0,372.0,519.0,331.0,127.0,20.0,53.0,116.0,216.0,106.0,603.0,184.0,215.0,301.0,388.0,166.0,831.0,262.0,31.0,289.0,538.0,451.0,202.0,120.0,405.0,147.0,282.0,211.0,0.0,0.0
46,2020-05-27,79.0,191.0,151.0,377.0,527.0,334.0,127.0,20.0,54.0,121.0,222.0,108.0,607.0,184.0,217.0,300.0,392.0,167.0,837.0,268.0,31.0,290.0,544.0,457.0,204.0,123.0,409.0,149.0,290.0,214.0,0.0,0.0
47,2020-05-28,81.0,196.0,157.0,383.0,537.0,340.0,127.0,20.0,56.0,124.0,229.0,109.0,615.0,186.0,219.0,302.0,407.0,171.0,860.0,280.0,31.0,296.0,548.0,462.0,206.0,129.0,414.0,149.0,294.0,222.0,0.0,0.0
48,2020-05-29,82.0,200.0,161.0,393.0,548.0,367.0,128.0,20.0,61.0,125.0,234.0,111.0,627.0,191.0,233.0,304.0,419.0,215.0,888.0,285.0,32.0,303.0,559.0,470.0,208.0,135.0,426.0,155.0,298.0,228.0,0.0,0.0
49,2020-05-30,88.0,204.0,166.0,402.0,557.0,369.0,130.0,20.0,65.0,126.0,238.0,112.0,644.0,194.0,238.0,311.0,444.0,223.0,917.0,293.0,32.0,308.0,568.0,480.0,211.0,143.0,439.0,160.0,303.0,234.0,0.0,0.0
50,2020-05-31,90.0,207.0,169.0,411.0,564.0,374.0,131.0,20.0,66.0,128.0,242.0,114.0,648.0,197.0,241.0,314.0,448.0,226.0,939.0,293.0,32.0,310.0,572.0,486.0,213.0,144.0,446.0,165.0,306.0,252.0,0.0,0.0
51,2020-06-01,89.0,207.0,171.0,420.0,571.0,377.0,128.0,20.0,66.0,132.0,245.0,117.0,661.0,198.0,246.0,319.0,466.0,228.0,988.0,298.0,32.0,316.0,576.0,498.0,219.0,146.0,458.0,166.0,309.0,262.0,0.0,0.0
52,2020-06-02,91.0,207.0,171.0,425.0,574.0,381.0,129.0,20.0,66.0,134.0,251.0,119.0,680.0,203.0,251.0,320.0,480.0,230.0,998.0,300.0,33.0,319.0,585.0,504.0,221.0,150.0,466.0,170.0,314.0,263.0,0.0,0.0
53,2020-06-03,91.0,208.0,173.0,431.0,579.0,380.0,131.0,21.0,68.0,135.0,258.0,119.0,683.0,208.0,258.0,324.0,492.0,257.0,997.0,306.0,34.0,318.0,586.0,505.0,223.0,154.0,477.0,177.0,324.0,267.0,0.0,0.0
54,2020-06-04,92.0,215.0,174.0,440.0,582.0,385.0,133.0,21.0,70.0,135.0,261.0,121.0,685.0,211.0,263.0,329.0,495.0,255.0,1000.0,310.0,35.0,321.0,593.0,503.0,226.0,154.0,480.0,179.0,326.0,271.0,0.0,0.0
55,2020-06-05,94.0,217.0,180.0,446.0,591.0,390.0,139.0,22.0,72.0,138.0,268.0,125.0,694.0,215.0,267.0,338.0,507.0,258.0,1019.0,315.0,36.0,326.0,600.0,515.0,231.0,157.0,483.0,187.0,330.0,275.0,0.0,0.0
56,2020-06-06,94.0,217.0,180.0,446.0,591.0,390.0,139.0,22.0,72.0,138.0,268.0,125.0,694.0,215.0,267.0,338.0,507.0,258.0,1019.0,315.0,36.0,326.0,600.0,515.0,231.0,157.0,483.0,187.0,330.0,275.0,0.0,0.0
57,2020-06-07,95.0,219.0,193.0,460.0,598.0,396.0,141.0,22.0,73.0,140.0,279.0,126.0,715.0,227.0,274.0,347.0,517.0,265.0,1041.0,322.0,36.0,331.0,626.0,536.0,239.0,157.0,491.0,191.0,335.0,281.0,0.0,0.0
58,2020-06-08,96.0,219.0,197.0,467.0,601.0,398.0,141.0,22.0,73.0,142.0,283.0,127.0,720.0,233.0,277.0,349.0,520.0,270.0,1056.0,326.0,36.0,338.0,632.0,538.0,239.0,159.0,492.0,193.0,338.0,284.0,0.0,0.0
59,2020-06-09,96.0,223.0,200.0,473.0,602.0,401.0,141.0,22.0,73.0,142.0,283.0,127.0,727.0,235.0,280.0,349.0,524.0,274.0,1065.0,326.0,38.0,341.0,633.0,542.0,242.0,161.0,500.0,193.0,340.0,286.0,0.0,0.0
60,2020-06-10,96.0,225.0,207.0,482.0,610.0,402.0,141.0,22.0,73.0,146.0,285.0,127.0,731.0,240.0,284.0,352.0,527.0,277.0,1074.0,331.0,38.0,346.0,636.0,547.0,243.0,163.0,504.0,195.0,343.0,289.0,0.0,0.0
61,2020-06-11,98.0,227.0,211.0,490.0,612.0,409.0,142.0,23.0,75.0,149.0,289.0,128.0,735.0,243.0,287.0,355.0,532.0,280.0,1085.0,335.0,38.0,347.0,639.0,555.0,248.0,165.0,508.0,200.0,346.0,294.0,0.0,0.0
62,2020-06-12,99.0,227.0,212.0,492.0,615.0,410.0,142.0,23.0,76.0,149.0,292.0,132.0,748.0,244.0,289.0,356.0,541.0,282.0,1092.0,337.0,38.0,353.0,641.0,557.0,249.0,167.0,509.0,204.0,350.0,296.0,0.0,0.0
63,2020-06-13,100.0,227.0,218.0,495.0,618.0,413.0,143.0,23.0,77.0,152.0,295.0,135.0,755.0,246.0,289.0,358.0,548.0,294.0,1102.0,340.0,38.0,360.0,644.0,560.0,249.0,168.0,515.0,205.0,351.0,299.0,0.0,0.0
64,2020-06-14,101.0,228.0,219.0,503.0,621.0,414.0,146.0,23.0,77.0,154.0,295.0,137.0,760.0,248.0,289.0,360.0,550.0,295.0,1108.0,340.0,38.0,361.0,648.0,565.0,250.0,170.0,519.0,205.0,352.0,306.0,0.0,0.0
65,2020-06-15,102.0,229.0,224.0,507.0,624.0,415.0,146.0,23.0,77.0,157.0,297.0,139.0,764.0,249.0,291.0,362.0,556.0,298.0,1113.0,342.0,39.0,365.0,651.0,568.0,251.0,170.0,527.0,208.0,356.0,308.0,0.0,0.0
66,2020-06-16,104.0,229.0,227.0,509.0,628.0,416.0,149.0,23.0,77.0,158.0,299.0,143.0,764.0,253.0,293.0,365.0,558.0,298.0,1113.0,342.0,40.0,365.0,653.0,572.0,253.0,171.0,531.0,213.0,358.0,309.0,0.0,0.0
67,2020-06-17,105.0,229.0,229.0,515.0,631.0,418.0,149.0,24.0,79.0,161.0,304.0,143.0,797.0,254.0,294.0,368.0,564.0,303.0,1116.0,344.0,40.0,369.0,658.0,575.0,254.0,175.0,535.0,214.0,360.0,312.0,0.0,0.0
68,2020-06-18,105.0,229.0,229.0,521.0,633.0,419.0,151.0,24.0,79.0,161.0,305.0,145.0,801.0,254.0,297.0,371.0,579.0,305.0,1118.0,344.0,40.0,373.0,658.0,575.0,258.0,175.0,536.0,214.0,363.0,316.0,0.0,0.0
69,2020-06-19,105.0,229.0,229.0,521.0,633.0,419.0,151.0,24.0,79.0,161.0,305.0,145.0,801.0,254.0,297.0,371.0,579.0,305.0,1118.0,344.0,40.0,373.0,658.0,575.0,258.0,175.0,536.0,214.0,363.0,316.0,0.0,0.0
70,2020-06-20,107.0,233.0,231.0,529.0,642.0,419.0,152.0,24.0,79.0,166.0,312.0,148.0,808.0,256.0,303.0,378.0,582.0,305.0,1133.0,350.0,40.0,378.0,660.0,577.0,262.0,176.0,556.0,218.0,368.0,317.0,0.0,0.0
71,2020-06-21,107.0,234.0,234.0,534.0,643.0,428.0,154.0,24.0,80.0,168.0,317.0,149.0,808.0,260.0,304.0,381.0,589.0,308.0,1145.0,356.0,40.0,378.0,663.0,583.0,264.0,177.0,559.0,222.0,372.0,318.0,0.0,0.0
72,2020-06-22,107.0,236.0,237.0,539.0,646.0,430.0,154.0,24.0,80.0,168.0,322.0,150.0,810.0,261.0,305.0,384.0,591.0,309.0,1152.0,357.0,40.0,379.0,665.0,587.0,269.0,178.0,564.0,226.0,374.0,319.0,0.0,0.0
73,2020-06-23,110.0,264.0,237.0,539.0,650.0,431.0,154.0,24.0,80.0,169.0,326.0,151.0,812.0,261.0,305.0,384.0,599.0,310.0,1155.0,359.0,40.0,383.0,668.0,590.0,270.0,178.0,567.0,227.0,375.0,319.0,0.0,0.0
74,2020-06-24,110.0,274.0,238.0,543.0,650.0,435.0,157.0,24.0,80.0,169.0,327.0,151.0,812.0,262.0,305.0,387.0,602.0,312.0,1160.0,361.0,40.0,384.0,667.0,592.0,274.0,178.0,569.0,229.0,375.0,320.0,0.0,0.0
75,2020-06-25,111.0,287.0,241.0,549.0,650.0,441.0,159.0,24.0,80.0,170.0,328.0,151.0,818.0,263.0,308.0,390.0,609.0,311.0,1163.0,362.0,40.0,386.0,673.0,594.0,276.0,178.0,571.0,231.0,378.0,321.0,0.0,0.0
76,2020-06-26,113.0,288.0,241.0,551.0,653.0,442.0,159.0,24.0,81.0,171.0,330.0,152.0,820.0,265.0,308.0,395.0,613.0,311.0,1168.0,364.0,40.0,391.0,674.0,597.0,278.0,180.0,579.0,237.0,380.0,325.0,0.0,0.0
77,2020-06-27,117.0,297.0,245.0,555.0,655.0,448.0,160.0,24.0,83.0,171.0,335.0,152.0,821.0,267.0,310.0,396.0,614.0,313.0,1180.0,367.0,40.0,393.0,675.0,603.0,280.0,181.0,580.0,238.0,381.0,325.0,0.0,0.0
78,2020-06-28,118.0,298.0,249.0,565.0,656.0,449.0,160.0,24.0,84.0,171.0,337.0,152.0,821.0,268.0,310.0,403.0,618.0,315.0,1188.0,368.0,40.0,395.0,678.0,606.0,284.0,185.0,585.0,240.0,383.0,327.0,0.0,0.0
79,2020-06-29,119.0,302.0,252.0,573.0,661.0,452.0,162.0,24.0,85.0,173.0,341.0,152.0,830.0,269.0,311.0,408.0,629.0,317.0,1200.0,369.0,40.0,400.0,679.0,611.0,286.0,187.0,590.0,244.0,388.0,329.0,0.0,0.0
80,2020-06-30,119.0,307.0,253.0,582.0,665.0,456.0,163.0,24.0,85.0,176.0,343.0,153.0,833.0,271.0,312.0,412.0,635.0,319.0,1210.0,370.0,40.0,404.0,679.0,617.0,291.0,187.0,594.0,248.0,392.0,332.0,0.0,0.0
81,2020-07-01,119.0,309.0,255.0,594.0,671.0,460.0,164.0,25.0,88.0,177.0,344.0,155.0,836.0,274.0,313.0,416.0,641.0,320.0,1218.0,371.0,40.0,406.0,681.0,625.0,293.0,187.0,595.0,249.0,398.0,334.0,0.0,0.0
82,2020-07-02,120.0,325.0,258.0,605.0,675.0,462.0,165.0,25.0,88.0,183.0,348.0,156.0,841.0,279.0,316.0,419.0,651.0,322.0,1239.0,371.0,41.0,407.0,681.0,628.0,295.0,187.0,602.0,251.0,402.0,336.0,0.0,0.0
83,2020-07-03,121.0,328.0,260.0,621.0,679.0,463.0,165.0,26.0,90.0,188.0,352.0,157.0,861.0,282.0,318.0,425.0,659.0,323.0,1244.0,374.0,41.0,408.0,684.0,632.0,299.0,188.0,617.0,255.0,402.0,339.0,0.0,0.0
84,2020-07-04,123.0,328.0,264.0,628.0,682.0,466.0,166.0,26.0,90.0,188.0,354.0,158.0,867.0,283.0,321.0,427.0,668.0,324.0,1259.0,376.0,41.0,410.0,689.0,637.0,307.0,190.0,622.0,255.0,404.0,342.0,0.0,0.0
85,2020-07-05,125.0,330.0,269.0,633.0,683.0,466.0,166.0,26.0,90.0,190.0,358.0,158.0,868.0,285.0,324.0,428.0,671.0,324.0,1266.0,376.0,41.0,414.0,697.0,637.0,309.0,192.0,625.0,257.0,405.0,343.0,0.0,0.0
86,2020-07-06,125.0,331.0,274.0,657.0,686.0,469.0,166.0,26.0,91.0,191.0,359.0,158.0,871.0,286.0,325.0,431.0,675.0,328.0,1269.0,377.0,41.0,416.0,701.0,639.0,311.0,195.0,632.0,261.0,405.0,346.0,0.0,0.0
87,2020-07-07,127.0,338.0,274.0,659.0,688.0,469.0,167.0,27.0,91.0,194.0,360.0,158.0,877.0,288.0,327.0,436.0,682.0,327.0,1274.0,379.0,41.0,418.0,702.0,639.0,313.0,195.0,637.0,263.0,408.0,348.0,0.0,0.0
88,2020-07-08,128.0,340.0,276.0,665.0,692.0,472.0,167.0,27.0,92.0,197.0,364.0,159.0,880.0,288.0,332.0,439.0,687.0,328.0,1282.0,381.0,41.0,419.0,704.0,651.0,320.0,195.0,640.0,269.0,412.0,351.0,0.0,0.0
89,2020-07-09,129.0,341.0,279.0,672.0,694.0,473.0,168.0,28.0,92.0,201.0,371.0,159.0,885.0,289.0,337.0,443.0,690.0,330.0,1293.0,388.0,41.0,423.0,707.0,658.0,335.0,196.0,648.0,272.0,416.0,351.0,0.0,0.0
90,2020-07-10,133.0,346.0,285.0,678.0,696.0,477.0,170.0,28.0,93.0,206.0,371.0,161.0,887.0,293.0,337.0,445.0,695.0,333.0,1301.0,393.0,41.0,426.0,712.0,669.0,352.0,201.0,656.0,277.0,421.0,355.0,0.0,0.0
91,2020-07-11,136.0,347.0,287.0,686.0,704.0,479.0,170.0,28.0,95.0,216.0,378.0,168.0,893.0,297.0,343.0,449.0,703.0,335.0,1326.0,396.0,42.0,429.0,714.0,671.0,363.0,205.0,663.0,281.0,425.0,363.0,0.0,0.0
92,2020-07-12,139.0,351.0,291.0,696.0,714.0,485.0,174.0,28.0,95.0,221.0,388.0,170.0,903.0,300.0,348.0,458.0,720.0,337.0,1338.0,398.0,43.0,433.0,719.0,673.0,380.0,208.0,675.0,286.0,432.0,367.0,0.0,0.0
93,2020-07-13,139.0,352.0,294.0,702.0,717.0,488.0,175.0,28.0,96.0,224.0,389.0,172.0,906.0,305.0,349.0,464.0,730.0,339.0,1353.0,400.0,45.0,439.0,721.0,679.0,384.0,211.0,684.0,292.0,437.0,372.0,0.0,0.0
94,2020-07-14,143.0,360.0,302.0,714.0,722.0,491.0,175.0,28.0,97.0,227.0,393.0,175.0,910.0,308.0,356.0,479.0,739.0,347.0,1371.0,409.0,46.0,442.0,723.0,684.0,394.0,212.0,697.0,298.0,444.0,373.0,0.0,0.0
95,2020-07-15,144.0,365.0,304.0,749.0,727.0,512.0,176.0,29.0,99.0,236.0,398.0,176.0,916.0,311.0,362.0,487.0,754.0,350.0,1389.0,415.0,46.0,446.0,730.0,694.0,406.0,213.0,721.0,313.0,444.0,380.0,0.0,0.0
96,2020-07-16,144.0,376.0,317.0,764.0,730.0,514.0,180.0,29.0,101.0,243.0,406.0,181.0,928.0,317.0,364.0,493.0,770.0,356.0,1411.0,422.0,46.0,448.0,733.0,703.0,412.0,218.0,732.0,315.0,452.0,386.0,0.0,0.0
97,2020-07-17,149.0,377.0,321.0,785.0,737.0,519.0,182.0,29.0,108.0,244.0,408.0,182.0,935.0,318.0,375.0,502.0,778.0,360.0,1433.0,431.0,47.0,450.0,740.0,710.0,420.0,224.0,741.0,320.0,455.0,394.0,0.0,0.0
98,2020-07-18,152.0,382.0,325.0,806.0,742.0,524.0,183.0,29.0,109.0,248.0,413.0,188.0,942.0,321.0,380.0,514.0,788.0,364.0,1455.0,439.0,48.0,455.0,747.0,716.0,428.0,227.0,751.0,324.0,470.0,403.0,0.0,0.0
99,2020-07-19,156.0,387.0,330.0,821.0,755.0,535.0,185.0,30.0,113.0,253.0,420.0,193.0,949.0,325.0,388.0,521.0,795.0,365.0,1472.0,444.0,50.0,460.0,756.0,727.0,437.0,231.0,782.0,330.0,478.0,413.0,0.0,0.0
100,2020-07-20,160.0,389.0,331.0,828.0,762.0,540.0,186.0,30.0,114.0,259.0,422.0,194.0,955.0,328.0,395.0,525.0,804.0,368.0,1475.0,446.0,50.0,465.0,757.0,733.0,441.0,232.0,788.0,336.0,479.0,419.0,0.0,0.0
101,2020-07-21,163.0,393.0,333.0,837.0,778.0,547.0,186.0,32.0,115.0,269.0,429.0,199.0,965.0,338.0,402.0,541.0,817.0,372.0,1486.0,453.0,50.0,471.0,764.0,741.0,457.0,234.0,804.0,341.0,489.0,424.0,0.0,0.0
102,2020-07-22,167.0,398.0,339.0,859.0,788.0,592.0,189.0,32.0,117.0,272.0,437.0,200.0,971.0,344.0,405.0,544.0,819.0,374.0,1491.0,455.0,50.0,481.0,770.0,745.0,458.0,236.0,810.0,346.0,494.0,428.0,0.0,0.0
103,2020-07-23,174.0,400.0,344.0,864.0,800.0,597.0,193.0,32.0,118.0,275.0,445.0,202.0,981.0,348.0,409.0,549.0,839.0,379.0,1503.0,457.0,51.0,485.0,777.0,755.0,462.0,240.0,831.0,350.0,509.0,431.0,0.0,0.0
104,2020-07-24,178.0,402.0,350.0,891.0,810.0,601.0,196.0,33.0,119.0,283.0,457.0,202.0,995.0,356.0,418.0,554.0,854.0,380.0,1521.0,459.0,51.0,495.0,784.0,770.0,470.0,243.0,847.0,359.0,515.0,438.0,0.0,0.0
105,2020-07-25,185.0,414.0,355.0,918.0,828.0,615.0,202.0,35.0,121.0,296.0,469.0,208.0,1009.0,369.0,423.0,566.0,869.0,388.0,1538.0,460.0,52.0,503.0,798.0,790.0,485.0,247.0,868.0,370.0,526.0,446.0,0.0,0.0
106,2020-07-26,190.0,417.0,359.0,932.0,837.0,624.0,208.0,35.0,122.0,302.0,472.0,211.0,1022.0,372.0,427.0,572.0,879.0,397.0,1562.0,464.0,52.0,507.0,804.0,799.0,501.0,248.0,883.0,376.0,535.0,452.0,0.0,0.0
107,2020-07-27,196.0,422.0,366.0,960.0,857.0,633.0,211.0,35.0,124.0,312.0,482.0,213.0,1047.0,388.0,435.0,585.0,899.0,399.0,1577.0,473.0,53.0,513.0,811.0,813.0,512.0,251.0,901.0,390.0,544.0,469.0,0.0,0.0
108,2020-07-28,198.0,425.0,370.0,972.0,862.0,642.0,214.0,35.0,125.0,315.0,490.0,216.0,1059.0,394.0,442.0,592.0,912.0,404.0,1589.0,479.0,54.0,515.0,819.0,824.0,515.0,251.0,919.0,398.0,551.0,479.0,0.0,0.0
109,2020-07-29,205.0,440.0,387.0,997.0,893.0,652.0,217.0,37.0,128.0,321.0,515.0,224.0,1086.0,416.0,457.0,606.0,928.0,418.0,1628.0,500.0,55.0,529.0,840.0,849.0,540.0,260.0,932.0,406.0,565.0,489.0,0.0,0.0
110,2020-07-30,207.0,453.0,389.0,1013.0,906.0,658.0,218.0,37.0,130.0,330.0,529.0,229.0,1103.0,427.0,464.0,621.0,946.0,429.0,1639.0,502.0,55.0,535.0,847.0,859.0,547.0,265.0,948.0,417.0,575.0,503.0,0.0,0.0
111,2020-07-31,210.0,465.0,410.0,1024.0,923.0,667.0,220.0,39.0,132.0,333.0,541.0,237.0,1115.0,435.0,471.0,634.0,960.0,437.0,1664.0,509.0,59.0,540.0,855.0,874.0,559.0,268.0,980.0,432.0,584.0,516.0,0.0,0.0
112,2020-08-01,213.0,470.0,417.0,1043.0,941.0,674.0,223.0,41.0,134.0,343.0,551.0,241.0,1132.0,448.0,478.0,642.0,966.0,447.0,1678.0,518.0,60.0,543.0,871.0,897.0,571.0,272.0,997.0,439.0,588.0,526.0,0.0,0.0
113,2020-08-02,217.0,477.0,424.0,1060.0,951.0,681.0,224.0,42.0,135.0,349.0,554.0,254.0,1147.0,457.0,482.0,649.0,977.0,457.0,1696.0,526.0,63.0,549.0,877.0,907.0,575.0,275.0,1012.0,449.0,595.0,539.0,0.0,0.0
114,2020-08-03,219.0,478.0,424.0,1077.0,971.0,688.0,226.0,44.0,135.0,363.0,562.0,261.0,1157.0,467.0,495.0,656.0,987.0,468.0,1709.0,534.0,64.0,553.0,885.0,918.0,585.0,282.0,1036.0,464.0,602.0,549.0,0.0,0.0
115,2020-08-04,219.0,480.0,428.0,1097.0,985.0,694.0,227.0,44.0,135.0,369.0,575.0,263.0,1172.0,473.0,498.0,664.0,992.0,474.0,1719.0,543.0,65.0,560.0,894.0,930.0,589.0,283.0,1048.0,471.0,609.0,557.0,0.0,0.0
116,2020-08-05,222.0,483.0,432.0,1104.0,993.0,696.0,230.0,45.0,135.0,372.0,582.0,268.0,1177.0,482.0,501.0,669.0,1001.0,478.0,1731.0,547.0,66.0,563.0,903.0,944.0,592.0,285.0,1055.0,474.0,612.0,562.0,0.0,0.0
117,2020-08-06,226.0,489.0,435.0,1111.0,1002.0,701.0,234.0,45.0,136.0,373.0,590.0,274.0,1196.0,492.0,504.0,672.0,1004.0,484.0,1741.0,553.0,68.0,565.0,910.0,951.0,600.0,285.0,1065.0,480.0,615.0,569.0,0.0,0.0
118,2020-08-07,228.0,494.0,439.0,1123.0,1015.0,702.0,237.0,46.0,137.0,384.0,596.0,291.0,1213.0,497.0,511.0,687.0,1015.0,491.0,1753.0,556.0,68.0,575.0,928.0,965.0,606.0,286.0,1079.0,490.0,622.0,579.0,0.0,0.0
119,2020-08-08,233.0,495.0,442.0,1132.0,1029.0,710.0,239.0,46.0,137.0,392.0,607.0,296.0,1220.0,505.0,515.0,703.0,1027.0,494.0,1774.0,565.0,68.0,576.0,941.0,974.0,613.0,286.0,1101.0,503.0,628.0,586.0,0.0,0.0
120,2020-08-09,241.0,501.0,450.0,1155.0,1050.0,721.0,243.0,46.0,139.0,398.0,615.0,302.0,1229.0,511.0,520.0,717.0,1043.0,502.0,1782.0,565.0,68.0,579.0,957.0,988.0,622.0,290.0,1117.0,511.0,628.0,596.0,0.0,0.0
121,2020-08-10,245.0,506.0,453.0,1174.0,1065.0,727.0,247.0,46.0,139.0,400.0,620.0,310.0,1248.0,519.0,527.0,725.0,1052.0,505.0,1792.0,566.0,68.0,581.0,970.0,1002.0,628.0,298.0,1131.0,515.0,637.0,605.0,0.0,0.0
122,2020-08-11,246.0,509.0,458.0,1183.0,1074.0,733.0,251.0,46.0,139.0,405.0,626.0,314.0,1255.0,526.0,528.0,735.0,1056.0,505.0,1812.0,569.0,69.0,584.0,982.0,1013.0,633.0,298.0,1140.0,524.0,642.0,609.0,0.0,0.0
123,2020-08-12,247.0,511.0,459.0,1196.0,1085.0,735.0,253.0,47.0,140.0,410.0,635.0,320.0,1264.0,531.0,530.0,748.0,1063.0,507.0,1815.0,573.0,69.0,588.0,988.0,1022.0,635.0,298.0,1150.0,527.0,649.0,617.0,0.0,0.0
124,2020-08-13,248.0,512.0,461.0,1205.0,1095.0,741.0,255.0,47.0,140.0,415.0,639.0,323.0,1268.0,535.0,535.0,755.0,1075.0,509.0,1823.0,576.0,69.0,597.0,994.0,1030.0,638.0,300.0,1159.0,535.0,653.0,622.0,0.0,0.0
125,2020-08-14,251.0,518.0,473.0,1213.0,1101.0,745.0,259.0,47.0,142.0,423.0,646.0,328.0,1283.0,539.0,541.0,764.0,1083.0,513.0,1836.0,585.0,72.0,601.0,997.0,1039.0,641.0,303.0,1168.0,537.0,661.0,630.0,0.0,0.0
126,2020-08-15,258.0,519.0,476.0,1220.0,1110.0,754.0,259.0,47.0,144.0,425.0,659.0,332.0,1300.0,547.0,547.0,766.0,1099.0,518.0,1851.0,591.0,72.0,608.0,1007.0,1050.0,649.0,306.0,1187.0,544.0,665.0,636.0,0.0,0.0
127,2020-08-16,261.0,520.0,477.0,1222.0,1117.0,763.0,263.0,47.0,145.0,428.0,662.0,336.0,1308.0,550.0,553.0,775.0,1108.0,519.0,1860.0,596.0,73.0,615.0,1013.0,1054.0,652.0,307.0,1192.0,546.0,669.0,641.0,0.0,0.0
128,2020-08-17,261.0,527.0,481.0,1234.0,1128.0,765.0,264.0,48.0,145.0,432.0,666.0,341.0,1317.0,551.0,559.0,783.0,1118.0,521.0,1863.0,597.0,74.0,620.0,1021.0,1062.0,656.0,307.0,1201.0,548.0,674.0,645.0,0.0,0.0
129,2020-08-18,261.0,529.0,485.0,1238.0,1133.0,768.0,266.0,48.0,148.0,435.0,671.0,341.0,1324.0,555.0,561.0,789.0,1125.0,527.0,1864.0,600.0,74.0,623.0,1024.0,1065.0,656.0,307.0,1209.0,550.0,675.0,647.0,0.0,0.0
130,2020-08-19,264.0,529.0,487.0,1242.0,1137.0,773.0,268.0,48.0,149.0,442.0,680.0,345.0,1328.0,557.0,567.0,796.0,1133.0,529.0,1872.0,600.0,74.0,624.0,1027.0,1069.0,659.0,308.0,1216.0,559.0,681.0,650.0,0.0,0.0
131,2020-08-20,264.0,530.0,488.0,1253.0,1147.0,778.0,269.0,49.0,149.0,446.0,692.0,348.0,1337.0,559.0,571.0,803.0,1142.0,534.0,1877.0,603.0,74.0,626.0,1032.0,1076.0,665.0,308.0,1225.0,568.0,684.0,658.0,0.0,0.0
132,2020-08-21,265.0,534.0,490.0,1263.0,1154.0,785.0,273.0,49.0,151.0,451.0,694.0,356.0,1345.0,561.0,573.0,810.0,1169.0,535.0,1882.0,613.0,74.0,629.0,1041.0,1083.0,670.0,309.0,1233.0,570.0,690.0,666.0,0.0,0.0
133,2020-08-22,266.0,535.0,492.0,1271.0,1160.0,793.0,277.0,49.0,154.0,454.0,704.0,358.0,1351.0,568.0,574.0,817.0,1179.0,538.0,1892.0,617.0,74.0,630.0,1044.0,1090.0,674.0,310.0,1242.0,572.0,695.0,678.0,0.0,0.0
134,2020-08-23,267.0,536.0,494.0,1279.0,1162.0,794.0,279.0,50.0,157.0,461.0,705.0,363.0,1358.0,572.0,578.0,825.0,1192.0,538.0,1898.0,624.0,74.0,634.0,1050.0,1096.0,677.0,310.0,1248.0,574.0,703.0,682.0,0.0,0.0
135,2020-08-24,268.0,537.0,497.0,1287.0,1169.0,796.0,281.0,50.0,157.0,465.0,715.0,368.0,1361.0,575.0,582.0,831.0,1200.0,546.0,1901.0,627.0,76.0,636.0,1054.0,1102.0,679.0,312.0,1255.0,578.0,714.0,687.0,0.0,0.0
136,2020-08-25,270.0,538.0,497.0,1289.0,1169.0,796.0,283.0,50.0,158.0,472.0,720.0,369.0,1364.0,576.0,583.0,835.0,1204.0,547.0,1901.0,636.0,77.0,639.0,1055.0,1104.0,680.0,313.0,1259.0,579.0,720.0,688.0,0.0,0.0
137,2020-08-26,271.0,541.0,499.0,1293.0,1171.0,797.0,286.0,51.0,158.0,474.0,723.0,369.0,1368.0,584.0,586.0,844.0,1231.0,549.0,1904.0,641.0,77.0,644.0,1058.0,1109.0,683.0,314.0,1270.0,583.0,730.0,688.0,0.0,0.0
138,2020-08-27,272.0,543.0,500.0,1299.0,1172.0,798.0,287.0,51.0,159.0,478.0,724.0,370.0,1373.0,586.0,589.0,849.0,1254.0,554.0,1910.0,646.0,77.0,644.0,1064.0,1117.0,687.0,316.0,1282.0,591.0,742.0,691.0,0.0,0.0
139,2020-08-28,272.0,543.0,502.0,1306.0,1177.0,799.0,288.0,51.0,160.0,481.0,730.0,372.0,1377.0,592.0,591.0,852.0,1267.0,557.0,1917.0,649.0,78.0,646.0,1072.0,1122.0,690.0,316.0,1290.0,599.0,749.0,692.0,0.0,0.0
140,2020-08-29,274.0,548.0,504.0,1310.0,1181.0,803.0,291.0,52.0,160.0,482.0,737.0,374.0,1381.0,596.0,595.0,856.0,1280.0,562.0,1927.0,652.0,80.0,655.0,1079.0,1126.0,693.0,318.0,1300.0,603.0,753.0,695.0,0.0,0.0
141,2020-08-30,276.0,548.0,506.0,1317.0,1184.0,806.0,294.0,53.0,161.0,484.0,741.0,376.0,1383.0,598.0,596.0,858.0,1290.0,564.0,1928.0,652.0,80.0,658.0,1082.0,1129.0,696.0,318.0,1308.0,605.0,768.0,695.0,0.0,0.0
142,2020-08-31,276.0,551.0,507.0,1324.0,1191.0,808.0,296.0,53.0,163.0,486.0,747.0,376.0,1387.0,605.0,596.0,859.0,1300.0,564.0,1930.0,655.0,80.0,659.0,1087.0,1132.0,699.0,319.0,1312.0,610.0,774.0,699.0,0.0,0.0
143,2020-09-01,276.0,553.0,507.0,1331.0,1193.0,808.0,294.0,53.0,167.0,487.0,752.0,379.0,1393.0,607.0,599.0,860.0,1306.0,565.0,1937.0,654.0,86.0,663.0,1089.0,1136.0,700.0,319.0,1322.0,615.0,778.0,704.0,0.0,0.0
144,2020-09-02,276.0,554.0,509.0,1335.0,1199.0,810.0,296.0,53.0,168.0,493.0,753.0,380.0,1396.0,607.0,599.0,862.0,1316.0,566.0,1938.0,658.0,86.0,666.0,1089.0,1136.0,701.0,320.0,1325.0,621.0,782.0,708.0,0.0,0.0
145,2020-09-03,277.0,555.0,510.0,1348.0,1211.0,813.0,298.0,55.0,169.0,494.0,756.0,381.0,1403.0,607.0,599.0,870.0,1333.0,567.0,1942.0,661.0,86.0,667.0,1095.0,1142.0,704.0,320.0,1334.0,626.0,794.0,710.0,0.0,0.0
146,2020-09-04,277.0,558.0,513.0,1359.0,1216.0,817.0,298.0,55.0,171.0,499.0,759.0,383.0,1408.0,609.0,601.0,878.0,1348.0,569.0,1943.0,665.0,86.0,672.0,1097.0,1146.0,709.0,321.0,1342.0,631.0,796.0,714.0,0.0,0.0
147,2020-09-05,279.0,563.0,513.0,1363.0,1222.0,820.0,300.0,56.0,178.0,502.0,759.0,383.0,1417.0,610.0,603.0,887.0,1354.0,571.0,1947.0,669.0,86.0,677.0,1102.0,1156.0,717.0,321.0,1346.0,635.0,799.0,717.0,0.0,0.0
148,2020-09-06,280.0,565.0,516.0,1366.0,1223.0,822.0,301.0,56.0,179.0,504.0,761.0,383.0,1419.0,612.0,608.0,890.0,1358.0,573.0,1953.0,671.0,87.0,680.0,1106.0,1158.0,721.0,325.0,1353.0,639.0,804.0,722.0,0.0,0.0
149,2020-09-07,286.0,569.0,518.0,1371.0,1229.0,827.0,305.0,56.0,182.0,509.0,769.0,386.0,1430.0,617.0,617.0,908.0,1366.0,578.0,1959.0,672.0,88.0,682.0,1110.0,1167.0,730.0,326.0,1363.0,643.0,805.0,732.0,0.0,0.0
150,2020-09-08,286.0,574.0,518.0,1374.0,1231.0,829.0,308.0,58.0,183.0,510.0,769.0,387.0,1434.0,624.0,618.0,911.0,1370.0,579.0,1963.0,676.0,89.0,683.0,1112.0,1170.0,732.0,327.0,1368.0,649.0,805.0,733.0,0.0,0.0
151,2020-09-09,287.0,578.0,518.0,1375.0,1232.0,831.0,309.0,58.0,185.0,512.0,771.0,387.0,1436.0,626.0,619.0,914.0,1375.0,580.0,1963.0,678.0,89.0,687.0,1114.0,1172.0,734.0,328.0,1371.0,651.0,807.0,734.0,0.0,0.0
152,2020-09-10,289.0,582.0,521.0,1380.0,1232.0,833.0,310.0,58.0,187.0,515.0,771.0,390.0,1442.0,631.0,622.0,917.0,1377.0,581.0,1965.0,681.0,89.0,688.0,1116.0,1174.0,736.0,328.0,1373.0,656.0,809.0,737.0,0.0,0.0
153,2020-09-11,290.0,583.0,522.0,1384.0,1235.0,838.0,312.0,59.0,187.0,518.0,773.0,390.0,1453.0,634.0,623.0,920.0,1385.0,582.0,1968.0,682.0,89.0,689.0,1123.0,1179.0,742.0,328.0,1377.0,661.0,809.0,739.0,0.0,0.0
154,2020-09-12,290.0,583.0,523.0,1387.0,1235.0,842.0,314.0,61.0,188.0,521.0,775.0,391.0,1457.0,634.0,624.0,925.0,1396.0,584.0,1971.0,685.0,89.0,693.0,1130.0,1181.0,748.0,330.0,1385.0,663.0,812.0,745.0,0.0,0.0
155,2020-09-13,290.0,583.0,523.0,1389.0,1238.0,848.0,328.0,61.0,188.0,522.0,777.0,391.0,1484.0,635.0,624.0,926.0,1403.0,588.0,1971.0,688.0,89.0,695.0,1135.0,1184.0,754.0,331.0,1393.0,665.0,814.0,749.0,0.0,0.0
156,2020-09-14,291.0,584.0,524.0,1390.0,1243.0,854.0,330.0,62.0,189.0,527.0,777.0,394.0,1489.0,637.0,626.0,928.0,1406.0,588.0,1976.0,689.0,89.0,698.0,1139.0,1185.0,755.0,331.0,1400.0,668.0,816.0,751.0,0.0,0.0
157,2020-09-15,295.0,588.0,525.0,1395.0,1247.0,854.0,331.0,62.0,188.0,529.0,780.0,396.0,1490.0,641.0,630.0,932.0,1409.0,589.0,1980.0,690.0,89.0,704.0,1146.0,1188.0,763.0,333.0,1408.0,670.0,818.0,750.0,0.0,0.0
158,2020-09-16,298.0,589.0,525.0,1399.0,1251.0,858.0,333.0,62.0,188.0,534.0,785.0,396.0,1498.0,644.0,630.0,941.0,1414.0,591.0,1984.0,692.0,89.0,707.0,1152.0,1193.0,765.0,334.0,1413.0,673.0,822.0,753.0,0.0,0.0
159,2020-09-17,298.0,589.0,530.0,1400.0,1253.0,859.0,333.0,63.0,189.0,534.0,788.0,397.0,1507.0,646.0,632.0,943.0,1418.0,592.0,1984.0,693.0,89.0,710.0,1154.0,1193.0,770.0,335.0,1416.0,676.0,827.0,758.0,0.0,0.0
160,2020-09-18,301.0,594.0,531.0,1402.0,1256.0,861.0,335.0,63.0,190.0,539.0,790.0,398.0,1511.0,648.0,635.0,945.0,1421.0,595.0,1986.0,694.0,89.0,715.0,1155.0,1202.0,776.0,336.0,1422.0,679.0,831.0,760.0,0.0,0.0
161,2020-09-19,301.0,595.0,532.0,1409.0,1260.0,865.0,337.0,63.0,190.0,544.0,791.0,399.0,1513.0,649.0,637.0,946.0,1423.0,597.0,1989.0,694.0,91.0,718.0,1157.0,1206.0,779.0,337.0,1427.0,681.0,837.0,763.0,0.0,0.0
162,2020-09-20,302.0,596.0,532.0,1410.0,1260.0,866.0,337.0,63.0,191.0,547.0,791.0,402.0,1514.0,652.0,638.0,947.0,1429.0,600.0,1993.0,696.0,91.0,723.0,1161.0,1208.0,781.0,337.0,1429.0,684.0,842.0,765.0,0.0,0.0
163,2020-09-21,305.0,598.0,532.0,1412.0,1265.0,868.0,337.0,63.0,191.0,549.0,794.0,404.0,1515.0,655.0,639.0,949.0,1432.0,600.0,1994.0,698.0,91.0,725.0,1164.0,1209.0,786.0,337.0,1433.0,685.0,844.0,766.0,0.0,0.0
164,2020-09-22,307.0,609.0,532.0,1414.0,1267.0,870.0,337.0,63.0,191.0,550.0,795.0,404.0,1515.0,659.0,639.0,950.0,1434.0,600.0,1994.0,701.0,91.0,728.0,1168.0,1214.0,792.0,337.0,1438.0,685.0,844.0,767.0,0.0,0.0
165,2020-09-23,309.0,611.0,533.0,1418.0,1269.0,874.0,339.0,65.0,191.0,552.0,797.0,405.0,1513.0,659.0,639.0,952.0,1436.0,600.0,1998.0,704.0,91.0,730.0,1168.0,1214.0,797.0,337.0,1447.0,689.0,854.0,771.0,0.0,0.0
166,2020-09-24,311.0,611.0,533.0,1424.0,1279.0,876.0,339.0,66.0,191.0,559.0,800.0,406.0,1521.0,661.0,639.0,954.0,1440.0,600.0,2005.0,705.0,92.0,732.0,1170.0,1218.0,799.0,337.0,1453.0,692.0,856.0,773.0,0.0,0.0
167,2020-09-25,312.0,615.0,534.0,1429.0,1281.0,879.0,345.0,66.0,191.0,563.0,801.0,409.0,1524.0,662.0,639.0,957.0,1443.0,601.0,2011.0,707.0,92.0,739.0,1172.0,1222.0,803.0,337.0,1457.0,695.0,858.0,783.0,0.0,0.0
168,2020-09-26,315.0,617.0,535.0,1437.0,1289.0,886.0,347.0,66.0,191.0,569.0,802.0,410.0,1529.0,662.0,643.0,962.0,1445.0,603.0,2015.0,713.0,92.0,740.0,1177.0,1224.0,805.0,337.0,1462.0,697.0,861.0,787.0,0.0,0.0
169,2020-09-27,320.0,617.0,535.0,1439.0,1291.0,887.0,352.0,66.0,191.0,572.0,806.0,411.0,1533.0,663.0,645.0,963.0,1451.0,604.0,2017.0,716.0,92.0,745.0,1181.0,1225.0,807.0,337.0,1466.0,699.0,862.0,791.0,0.0,0.0
170,2020-09-28,324.0,619.0,536.0,1445.0,1299.0,889.0,353.0,67.0,191.0,574.0,807.0,411.0,1537.0,663.0,651.0,967.0,1454.0,605.0,2026.0,720.0,93.0,751.0,1183.0,1227.0,809.0,338.0,1470.0,701.0,865.0,793.0,0.0,0.0
171,2020-09-29,325.0,622.0,536.0,1447.0,1301.0,891.0,357.0,67.0,191.0,575.0,807.0,411.0,1540.0,664.0,651.0,972.0,1454.0,606.0,2029.0,722.0,94.0,754.0,1185.0,1232.0,809.0,338.0,1471.0,701.0,866.0,794.0,0.0,0.0
172,2020-09-30,327.0,622.0,536.0,1449.0,1302.0,892.0,361.0,68.0,191.0,580.0,808.0,411.0,1542.0,668.0,652.0,974.0,1456.0,607.0,2034.0,725.0,94.0,754.0,1189.0,1235.0,811.0,338.0,1473.0,705.0,870.0,795.0,0.0,0.0
173,2020-10-01,330.0,625.0,539.0,1453.0,1310.0,940.0,427.0,68.0,193.0,590.0,810.0,412.0,1601.0,671.0,657.0,976.0,1460.0,610.0,2052.0,727.0,94.0,766.0,1193.0,1236.0,814.0,343.0,1483.0,709.0,871.0,799.0,0.0,0.0
174,2020-10-02,333.0,627.0,541.0,1458.0,1313.0,949.0,446.0,69.0,193.0,592.0,812.0,414.0,1614.0,671.0,658.0,976.0,1464.0,613.0,2057.0,734.0,94.0,769.0,1203.0,1236.0,818.0,347.0,1487.0,711.0,874.0,805.0,0.0,0.0
175,2020-10-03,333.0,630.0,541.0,1460.0,1315.0,957.0,453.0,69.0,194.0,594.0,816.0,416.0,1617.0,672.0,659.0,979.0,1470.0,614.0,2058.0,739.0,94.0,774.0,1206.0,1240.0,821.0,348.0,1492.0,714.0,879.0,805.0,0.0,0.0
176,2020-10-04,334.0,630.0,541.0,1468.0,1324.0,961.0,460.0,69.0,194.0,600.0,816.0,418.0,1625.0,673.0,659.0,980.0,1473.0,617.0,2061.0,742.0,97.0,779.0,1215.0,1245.0,823.0,349.0,1494.0,715.0,879.0,805.0,0.0,0.0
177,2020-10-05,335.0,631.0,541.0,1472.0,1326.0,973.0,473.0,69.0,195.0,602.0,819.0,419.0,1635.0,677.0,662.0,981.0,1475.0,620.0,2064.0,748.0,98.0,780.0,1217.0,1250.0,828.0,349.0,1497.0,718.0,880.0,805.0,0.0,0.0
178,2020-10-06,335.0,633.0,541.0,1478.0,1329.0,974.0,476.0,69.0,196.0,607.0,822.0,419.0,1639.0,677.0,662.0,982.0,1480.0,620.0,2067.0,753.0,98.0,782.0,1221.0,1253.0,830.0,351.0,1499.0,719.0,883.0,809.0,0.0,0.0
179,2020-10-07,335.0,637.0,542.0,1481.0,1336.0,977.0,479.0,70.0,197.0,608.0,824.0,419.0,1647.0,677.0,662.0,984.0,1483.0,623.0,2073.0,756.0,98.0,787.0,1223.0,1255.0,833.0,351.0,1504.0,722.0,883.0,810.0,0.0,0.0
180,2020-10-08,336.0,640.0,543.0,1485.0,1341.0,1032.0,528.0,72.0,197.0,618.0,828.0,419.0,1708.0,677.0,664.0,986.0,1490.0,626.0,2076.0,759.0,98.0,793.0,1226.0,1266.0,833.0,351.0,1511.0,727.0,889.0,818.0,0.0,0.0
181,2020-10-09,338.0,643.0,546.0,1494.0,1351.0,1067.0,560.0,72.0,198.0,621.0,831.0,420.0,1747.0,679.0,664.0,989.0,1494.0,627.0,2078.0,763.0,98.0,797.0,1231.0,1269.0,837.0,353.0,1518.0,728.0,889.0,820.0,0.0,0.0
182,2020-10-10,341.0,643.0,547.0,1499.0,1359.0,1073.0,565.0,72.0,199.0,627.0,833.0,422.0,1749.0,685.0,666.0,991.0,1498.0,629.0,2079.0,766.0,97.0,802.0,1237.0,1275.0,845.0,353.0,1523.0,731.0,892.0,825.0,0.0,0.0
183,2020-10-11,341.0,643.0,548.0,1504.0,1363.0,1075.0,572.0,72.0,199.0,628.0,834.0,423.0,1757.0,686.0,668.0,993.0,1505.0,630.0,2088.0,768.0,98.0,807.0,1242.0,1282.0,850.0,354.0,1531.0,735.0,894.0,827.0,0.0,0.0
184,2020-10-12,343.0,646.0,550.0,1512.0,1364.0,1078.0,573.0,72.0,199.0,629.0,834.0,425.0,1758.0,689.0,669.0,998.0,1507.0,632.0,2091.0,772.0,105.0,812.0,1245.0,1285.0,855.0,354.0,1535.0,738.0,899.0,830.0,0.0,0.0
185,2020-10-13,343.0,649.0,551.0,1515.0,1367.0,1080.0,578.0,72.0,199.0,629.0,836.0,427.0,1764.0,691.0,669.0,999.0,1512.0,632.0,2092.0,776.0,107.0,819.0,1251.0,1291.0,856.0,355.0,1541.0,738.0,902.0,833.0,0.0,0.0
186,2020-10-14,344.0,650.0,553.0,1522.0,1374.0,1089.0,581.0,73.0,200.0,629.0,837.0,430.0,1769.0,695.0,672.0,1001.0,1514.0,632.0,2091.0,780.0,108.0,822.0,1254.0,1296.0,858.0,356.0,1543.0,742.0,910.0,837.0,0.0,0.0
187,2020-10-15,344.0,653.0,554.0,1531.0,1380.0,1104.0,585.0,73.0,200.0,640.0,838.0,430.0,1777.0,698.0,674.0,1002.0,1525.0,633.0,2092.0,783.0,110.0,828.0,1261.0,1304.0,860.0,358.0,1547.0,746.0,913.0,838.0,0.0,0.0
188,2020-10-16,345.0,655.0,554.0,1547.0,1381.0,1127.0,592.0,73.0,199.0,640.0,842.0,432.0,1795.0,698.0,675.0,1005.0,1533.0,633.0,2093.0,795.0,111.0,833.0,1266.0,1304.0,864.0,358.0,1551.0,751.0,915.0,842.0,0.0,0.0
189,2020-10-17,346.0,660.0,555.0,1553.0,1386.0,1133.0,594.0,74.0,200.0,646.0,844.0,433.0,1801.0,700.0,680.0,1011.0,1543.0,638.0,2110.0,799.0,112.0,839.0,1270.0,1309.0,875.0,360.0,1556.0,758.0,920.0,846.0,0.0,0.0
190,2020-10-18,347.0,662.0,556.0,1555.0,1387.0,1138.0,605.0,75.0,202.0,649.0,850.0,436.0,1808.0,702.0,683.0,1015.0,1550.0,640.0,2117.0,800.0,112.0,845.0,1276.0,1314.0,878.0,362.0,1562.0,762.0,925.0,846.0,0.0,0.0
191,2020-10-19,347.0,665.0,560.0,1560.0,1391.0,1142.0,609.0,75.0,203.0,649.0,855.0,438.0,1812.0,705.0,686.0,1017.0,1554.0,643.0,2124.0,802.0,114.0,852.0,1284.0,1320.0,881.0,364.0,1570.0,763.0,934.0,849.0,0.0,0.0
192,2020-10-20,347.0,667.0,562.0,1571.0,1395.0,1144.0,613.0,75.0,203.0,659.0,858.0,439.0,1817.0,711.0,688.0,1019.0,1557.0,644.0,2125.0,803.0,114.0,854.0,1291.0,1327.0,884.0,364.0,1578.0,763.0,937.0,852.0,0.0,0.0
193,2020-10-21,348.0,668.0,565.0,1578.0,1401.0,1147.0,613.0,76.0,203.0,661.0,860.0,439.0,1825.0,713.0,690.0,1022.0,1561.0,648.0,2128.0,809.0,114.0,858.0,1294.0,1332.0,888.0,366.0,1583.0,767.0,941.0,853.0,0.0,0.0
194,2020-10-22,349.0,670.0,565.0,1583.0,1404.0,1152.0,621.0,76.0,203.0,663.0,864.0,440.0,1844.0,719.0,691.0,1029.0,1572.0,651.0,2145.0,810.0,116.0,868.0,1296.0,1338.0,891.0,369.0,1588.0,772.0,946.0,860.0,0.0,0.0
195,2020-10-23,352.0,672.0,568.0,1588.0,1410.0,1157.0,627.0,77.0,203.0,668.0,868.0,441.0,1853.0,724.0,694.0,1035.0,1579.0,652.0,2155.0,814.0,119.0,870.0,1300.0,1347.0,900.0,371.0,1590.0,775.0,952.0,866.0,0.0,0.0
196,2020-10-24,354.0,684.0,573.0,1598.0,1422.0,1165.0,632.0,77.0,208.0,670.0,871.0,444.0,1869.0,730.0,699.0,1044.0,1595.0,655.0,2174.0,825.0,119.0,878.0,1302.0,1353.0,902.0,375.0,1600.0,777.0,957.0,867.0,0.0,0.0
197,2020-10-25,355.0,688.0,578.0,1605.0,1431.0,1169.0,640.0,78.0,208.0,675.0,878.0,447.0,1887.0,736.0,704.0,1050.0,1604.0,658.0,2187.0,835.0,119.0,881.0,1305.0,1363.0,906.0,377.0,1611.0,781.0,961.0,872.0,0.0,0.0
198,2020-10-26,359.0,691.0,579.0,1614.0,1436.0,1172.0,643.0,79.0,211.0,677.0,878.0,448.0,1894.0,741.0,706.0,1052.0,1612.0,660.0,2192.0,837.0,119.0,884.0,1306.0,1366.0,913.0,378.0,1612.0,783.0,961.0,874.0,0.0,0.0
199,2020-10-27,362.0,695.0,580.0,1624.0,1444.0,1176.0,644.0,79.0,212.0,678.0,886.0,450.0,1901.0,744.0,708.0,1058.0,1624.0,666.0,2204.0,842.0,121.0,896.0,1313.0,1377.0,928.0,381.0,1623.0,788.0,963.0,878.0,0.0,0.0
200,2020-10-28,365.0,696.0,580.0,1628.0,1451.0,1181.0,646.0,79.0,213.0,681.0,896.0,452.0,1912.0,746.0,709.0,1061.0,1632.0,667.0,2214.0,846.0,122.0,910.0,1319.0,1384.0,935.0,382.0,1632.0,796.0,969.0,882.0,0.0,0.0
201,2020-10-29,366.0,700.0,582.0,1636.0,1462.0,1194.0,650.0,80.0,213.0,689.0,899.0,456.0,1927.0,750.0,716.0,1071.0,1646.0,670.0,2224.0,848.0,122.0,917.0,1321.0,1387.0,946.0,387.0,1644.0,801.0,983.0,886.0,0.0,0.0
202,2020-10-30,368.0,704.0,587.0,1653.0,1470.0,1208.0,661.0,80.0,213.0,692.0,903.0,459.0,1938.0,754.0,722.0,1077.0,1660.0,672.0,2230.0,860.0,124.0,926.0,1343.0,1394.0,955.0,391.0,1656.0,813.0,992.0,891.0,0.0,0.0
203,2020-10-31,371.0,710.0,591.0,1669.0,1483.0,1215.0,666.0,80.0,217.0,697.0,907.0,463.0,1949.0,759.0,722.0,1083.0,1669.0,675.0,2252.0,865.0,126.0,931.0,1349.0,1401.0,964.0,395.0,1674.0,822.0,1001.0,896.0,0.0,0.0
204,2020-11-01,375.0,715.0,595.0,1691.0,1495.0,1224.0,667.0,81.0,217.0,700.0,910.0,468.0,1954.0,761.0,731.0,1093.0,1684.0,681.0,2260.0,868.0,127.0,941.0,1354.0,1411.0,969.0,400.0,1687.0,827.0,1008.0,905.0,0.0,0.0
205,2020-11-02,379.0,721.0,596.0,1707.0,1502.0,1230.0,670.0,81.0,217.0,709.0,914.0,475.0,1960.0,763.0,732.0,1098.0,1697.0,685.0,2265.0,879.0,128.0,946.0,1364.0,1416.0,979.0,402.0,1700.0,830.0,1013.0,912.0,0.0,0.0
206,2020-11-03,379.0,726.0,597.0,1715.0,1512.0,1237.0,673.0,83.0,218.0,710.0,919.0,476.0,1968.0,769.0,743.0,1107.0,1703.0,686.0,2277.0,885.0,128.0,954.0,1369.0,1419.0,988.0,409.0,1709.0,839.0,1020.0,917.0,0.0,0.0
207,2020-11-04,380.0,728.0,604.0,1733.0,1519.0,1241.0,676.0,84.0,219.0,715.0,926.0,481.0,1975.0,776.0,754.0,1121.0,1715.0,690.0,2293.0,891.0,129.0,962.0,1373.0,1431.0,995.0,414.0,1715.0,841.0,1026.0,925.0,0.0,0.0
208,2020-11-05,383.0,733.0,608.0,1751.0,1528.0,1250.0,680.0,86.0,223.0,718.0,933.0,490.0,1988.0,785.0,766.0,1127.0,1736.0,693.0,2314.0,897.0,130.0,971.0,1386.0,1441.0,1009.0,416.0,1729.0,854.0,1040.0,934.0,0.0,0.0
209,2020-11-06,386.0,738.0,611.0,1769.0,1550.0,1262.0,687.0,90.0,225.0,725.0,946.0,498.0,2001.0,790.0,779.0,1144.0,1758.0,699.0,2330.0,907.0,131.0,989.0,1407.0,1459.0,1024.0,424.0,1750.0,866.0,1056.0,942.0,0.0,0.0
210,2020-11-07,386.0,746.0,615.0,1781.0,1561.0,1272.0,693.0,93.0,229.0,734.0,957.0,502.0,2021.0,801.0,786.0,1153.0,1778.0,706.0,2363.0,921.0,137.0,997.0,1425.0,1468.0,1056.0,431.0,1767.0,879.0,1062.0,958.0,0.0,0.0
211,2020-11-08,388.0,753.0,616.0,1796.0,1570.0,1277.0,694.0,96.0,230.0,741.0,966.0,504.0,2032.0,805.0,795.0,1156.0,1790.0,710.0,2376.0,925.0,140.0,1007.0,1434.0,1478.0,1066.0,435.0,1788.0,885.0,1067.0,965.0,0.0,0.0
212,2020-11-09,395.0,757.0,617.0,1812.0,1584.0,1288.0,699.0,96.0,232.0,744.0,974.0,516.0,2049.0,810.0,802.0,1164.0,1810.0,715.0,2390.0,934.0,142.0,1016.0,1451.0,1493.0,1072.0,441.0,1810.0,900.0,1083.0,970.0,0.0,0.0
213,2020-11-10,401.0,765.0,624.0,1832.0,1602.0,1293.0,703.0,98.0,235.0,745.0,984.0,528.0,2065.0,824.0,815.0,1167.0,1826.0,724.0,2409.0,947.0,142.0,1025.0,1469.0,1503.0,1098.0,452.0,1830.0,905.0,1093.0,979.0,0.0,0.0
214,2020-11-11,403.0,770.0,634.0,1851.0,1615.0,1305.0,709.0,99.0,236.0,749.0,995.0,536.0,2071.0,829.0,820.0,1174.0,1856.0,721.0,2427.0,961.0,145.0,1043.0,1492.0,1510.0,1117.0,456.0,1849.0,919.0,1107.0,983.0,0.0,0.0
215,2020-11-12,408.0,775.0,639.0,1880.0,1629.0,1314.0,713.0,99.0,239.0,763.0,1014.0,541.0,2100.0,840.0,830.0,1187.0,1882.0,723.0,2441.0,972.0,146.0,1055.0,1509.0,1528.0,1127.0,460.0,1880.0,946.0,1121.0,997.0,0.0,0.0
216,2020-11-13,417.0,782.0,646.0,1898.0,1648.0,1328.0,715.0,102.0,245.0,770.0,1030.0,554.0,2117.0,850.0,839.0,1196.0,1911.0,730.0,2463.0,982.0,147.0,1071.0,1528.0,1536.0,1142.0,467.0,1902.0,953.0,1131.0,1009.0,0.0,0.0
217,2020-11-14,423.0,789.0,653.0,1915.0,1666.0,1346.0,723.0,104.0,249.0,778.0,1053.0,568.0,2136.0,861.0,850.0,1214.0,1936.0,740.0,2491.0,997.0,151.0,1097.0,1553.0,1558.0,1171.0,472.0,1935.0,978.0,1147.0,1018.0,0.0,0.0
218,2020-11-15,428.0,793.0,658.0,1933.0,1683.0,1360.0,731.0,105.0,251.0,793.0,1066.0,576.0,2177.0,875.0,861.0,1223.0,1954.0,747.0,2516.0,1010.0,155.0,1111.0,1564.0,1571.0,1185.0,479.0,1967.0,993.0,1161.0,1028.0,0.0,0.0
219,2020-11-16,441.0,803.0,664.0,1946.0,1708.0,1374.0,738.0,108.0,259.0,801.0,1083.0,584.0,2193.0,888.0,873.0,1235.0,1965.0,756.0,2546.0,1022.0,155.0,1129.0,1579.0,1584.0,1213.0,494.0,1996.0,1013.0,1171.0,1036.0,0.0,0.0
220,2020-11-17,447.0,813.0,668.0,1969.0,1729.0,1384.0,746.0,110.0,269.0,806.0,1089.0,593.0,2207.0,893.0,879.0,1244.0,1990.0,762.0,2563.0,1032.0,162.0,1136.0,1596.0,1593.0,1242.0,498.0,2022.0,1042.0,1184.0,1044.0,0.0,0.0
